lambda,summer_forgetting,final_avg_power
0,-0.6666666666666671,38.072198593765755
1000,-0.5,76.14439718753151
5000,-1.0231529548701814,76.14265299557005
10000,-0.5,76.14439718753151
